filename,true_angle_1,true_angle_2,distance_cm,total_frames,detect_0,detect_1,detect_2,detect_3,two_source_detection_rate,valid_two_source_frames,mae_source_1,mae_source_2,mae_overall,median_error,std_error,max_error,source_error_le_5_rate,source_error_le_10_rate,source_error_le_20_rate,strict_frame_accuracy_5,strict_frame_accuracy_10,strict_frame_accuracy_20
01_00_150dis02.csv,0,150,20.00,100,2,54,44,0,44.00,44,7.18,12.14,9.66,10.00,4.47,22.00,20.45,54.55,98.86,2.00,11.00,43.00
01_00_150dis03.csv,0,150,30.00,100,4,62,34,0,34.00,34,11.12,13.35,12.24,8.00,20.38,165.00,25.00,63.24,92.65,2.00,13.00,29.00
01_00_230dis02.csv,0,230,20.00,100,0,63,37,0,37.00,37,8.00,5.62,6.81,6.00,3.34,13.00,48.65,81.08,100.00,10.00,23.00,37.00
01_00_270dis04.csv,0,270,40.00,100,6,65,29,0,29.00,29,13.79,11.38,12.59,10.50,10.16,50.00,32.76,50.00,84.48,1.00,5.00,20.00
01_00_90dis02.csv,0,90,20.00,100,3,58,39,0,39.00,39,7.85,7.18,7.51,7.00,3.68,19.00,33.33,75.64,100.00,4.00,22.00,39.00
01_00_90dis03.csv,0,90,30.00,100,0,77,23,0,23.00,23,7.96,3.30,5.63,4.00,5.83,26.00,58.70,89.13,95.65,8.00,18.00,21.00
01_180_330dis02.csv,180,330,20.00,100,0,60,40,0,40.00,40,11.05,12.38,11.71,12.00,2.75,20.00,1.25,30.00,100.00,0.00,3.00,40.00
01_30_150dis02.csv,30,150,20.00,100,0,57,43,0,43.00,43,7.09,14.49,10.79,10.00,5.90,29.00,20.93,56.98,94.19,0.00,7.00,38.00
01_30_150dis04.csv,30,150,40.00,100,0,65,35,0,35.00,35,12.77,13.20,12.99,14.00,8.50,33.00,27.14,38.57,81.43,6.00,8.00,22.00
01_30_180dis02.csv,30,180,20.00,100,2,56,42,0,42.00,42,3.24,3.12,3.18,3.00,3.00,14.00,76.19,97.62,100.00,28.00,40.00,42.00
01_30_90dis02.csv,30,90,20.00,100,0,81,19,0,19.00,19,5.16,16.21,10.68,9.50,6.09,20.00,26.32,50.00,100.00,0.00,1.00,19.00
01_330_180dis02.csv,330,180,20.00,100,3,57,40,0,40.00,40,8.60,6.62,7.61,8.50,4.25,17.00,32.50,76.25,100.00,2.00,23.00,40.00
02_00_150dis02.csv,0,150,20.00,100,1,62,37,0,37.00,37,6.41,12.43,9.42,11.00,6.23,19.00,32.43,44.59,100.00,6.00,8.00,37.00
02_00_150dis03.csv,0,150,30.00,100,0,72,28,0,28.00,28,5.64,10.71,8.18,5.00,14.51,107.00,53.57,78.57,98.21,5.00,16.00,27.00
02_00_230dis02.csv,0,230,20.00,100,0,63,37,0,37.00,37,7.51,4.19,5.85,5.00,3.96,17.00,52.70,87.84,100.00,10.00,28.00,37.00
02_00_270dis04.csv,0,270,40.00,100,5,72,23,0,23.00,23,12.17,19.13,15.65,11.50,12.93,61.00,17.39,39.13,78.26,1.00,3.00,15.00
02_00_90dis02.csv,0,90,20.00,100,0,40,60,0,60.00,60,4.95,5.40,5.17,5.00,2.72,19.00,57.50,96.67,100.00,17.00,56.00,60.00
02_00_90dis03.csv,0,90,30.00,100,0,74,26,0,26.00,26,12.85,3.23,8.04,7.00,6.52,30.00,42.31,59.62,98.08,1.00,7.00,25.00
02_180_330dis02.csv,180,330,20.00,100,9,61,30,0,30.00,30,4.47,8.73,6.60,4.00,4.87,18.00,53.33,76.67,100.00,4.00,16.00,30.00
02_30_150dis02.csv,30,150,20.00,100,7,54,39,0,39.00,39,6.72,15.92,11.32,8.50,6.85,27.00,30.77,52.56,84.62,0.00,6.00,27.00
02_30_150dis04.csv,30,150,40.00,100,0,67,33,0,33.00,33,15.55,20.42,17.98,18.50,11.48,75.00,10.61,30.30,62.12,0.00,0.00,10.00
02_30_180dis02.csv,30,180,20.00,100,3,52,45,0,45.00,45,4.69,4.64,4.67,5.00,4.36,21.00,65.56,93.33,98.89,20.00,39.00,44.00
02_330_180dis02.csv,330,180,20.00,100,2,56,41,1,41.00,41,7.98,4.85,6.41,6.00,3.73,17.00,46.34,82.93,100.00,4.00,27.00,41.00
03_00_150dis02.csv,0,150,20.00,100,16,61,23,0,23.00,23,8.22,11.48,9.85,9.00,6.84,34.00,23.91,65.22,93.48,0.00,10.00,21.00
03_00_150dis03.csv,0,150,30.00,100,2,46,52,0,52.00,52,10.27,6.12,8.19,6.50,5.80,24.00,40.38,64.42,99.04,6.00,20.00,51.00
03_00_230dis02.csv,0,230,20.00,100,0,47,53,0,53.00,53,6.34,5.11,5.73,5.00,4.42,20.00,57.55,81.13,100.00,15.00,33.00,53.00
03_00_270dis04.csv,0,270,40.00,100,4,68,28,0,28.00,28,12.86,15.96,14.41,15.50,11.50,74.00,21.43,35.71,80.36,2.00,3.00,18.00
03_00_90dis02.csv,0,90,20.00,100,5,54,41,0,41.00,41,6.44,5.41,5.93,5.50,4.00,15.00,50.00,87.80,100.00,12.00,32.00,41.00
03_00_90dis03.csv,0,90,30.00,100,0,55,45,0,45.00,45,10.24,2.04,6.14,4.50,5.70,18.00,57.78,75.56,100.00,10.00,23.00,45.00
03_180_330dis02.csv,180,330,20.00,100,0,66,34,0,34.00,34,7.74,11.47,9.60,9.00,6.32,24.00,25.00,55.88,92.65,1.00,8.00,29.00
03_30_150dis02.csv,30,150,20.00,100,3,42,55,0,55.00,55,6.53,11.07,8.80,9.50,4.77,19.00,27.27,65.45,100.00,9.00,19.00,55.00
03_30_150dis04.csv,30,150,40.00,100,1,74,25,0,25.00,25,21.64,9.68,15.66,11.50,13.15,63.00,24.00,42.00,76.00,0.00,2.00,13.00
03_30_180dis02.csv,30,180,20.00,100,4,47,49,0,49.00,49,5.78,3.73,4.76,5.00,2.55,11.00,60.20,97.96,100.00,18.00,47.00,49.00
03_330_180dis02.csv,330,180,20.00,100,8,54,38,0,38.00,38,9.61,5.74,7.67,6.50,5.02,17.00,32.89,67.11,100.00,6.00,16.00,38.00
04_00_150dis02.csv,0,150,20.00,100,0,42,58,0,58.00,58,7.05,6.81,6.93,6.00,4.53,23.00,39.66,79.31,99.14,14.00,38.00,57.00
04_00_150dis03.csv,0,150,30.00,100,1,73,25,1,25.00,25,8.56,5.64,7.10,6.00,3.73,15.00,40.00,76.00,100.00,4.00,13.00,25.00
04_00_230dis02.csv,0,230,20.00,100,6,48,46,0,46.00,46,6.57,3.24,4.90,4.00,4.28,17.00,59.78,83.70,100.00,13.00,33.00,46.00
04_00_90dis02.csv,0,90,20.00,100,4,50,46,0,46.00,46,6.24,5.26,5.75,5.00,4.53,28.00,54.35,85.87,98.91,14.00,34.00,45.00
04_00_90dis03.csv,0,90,30.00,100,0,74,26,0,26.00,26,12.96,2.15,7.56,5.00,6.76,23.00,51.92,63.46,90.38,3.00,7.00,21.00
04_180_330dis02.csv,180,330,20.00,100,2,44,54,0,54.00,54,7.63,11.74,9.69,11.00,4.96,23.00,22.22,49.07,97.22,1.00,11.00,51.00
04_30_150dis02.csv,30,150,20.00,100,2,49,49,0,49.00,49,6.16,13.29,9.72,10.00,5.17,20.00,22.45,51.02,100.00,0.00,8.00,49.00
04_30_150dis04.csv,30,150,40.00,100,4,59,36,1,36.00,36,20.36,14.25,17.31,16.00,16.33,100.00,12.50,25.00,80.56,0.00,4.00,24.00
04_30_180dis02.csv,30,180,20.00,100,1,64,35,0,35.00,35,3.09,3.29,3.19,3.50,1.70,8.00,97.14,100.00,100.00,33.00,35.00,35.00
04_330_180dis02.csv,330,180,20.00,100,1,48,51,0,51.00,51,9.06,8.94,9.00,9.00,4.73,21.00,21.57,57.84,97.06,1.00,19.00,48.00
05_00_150dis02.csv,0,150,20.00,100,2,42,56,0,56.00,56,7.68,9.14,8.41,8.00,5.56,24.00,28.57,77.68,96.43,1.00,34.00,52.00
05_00_150dis03.csv,0,150,30.00,100,1,71,28,0,28.00,28,7.18,5.96,6.57,6.00,4.12,15.00,35.71,80.36,100.00,3.00,17.00,28.00
05_00_230dis02.csv,0,230,20.00,100,8,51,41,0,41.00,41,8.83,3.71,6.27,5.00,5.52,19.00,53.66,75.61,100.00,9.00,25.00,41.00
05_00_90dis02.csv,0,90,20.00,100,9,53,38,0,38.00,38,6.79,7.53,7.16,6.00,4.75,21.00,35.53,75.00,98.68,7.00,24.00,37.00
05_00_90dis03.csv,0,90,30.00,100,0,61,38,1,38.00,38,10.08,5.00,7.54,4.00,11.73,88.00,59.21,86.84,92.11,8.00,28.00,32.00
05_30_150dis02.csv,30,150,20.00,100,2,63,35,0,35.00,35,8.03,9.23,8.63,8.50,4.37,19.00,27.14,64.29,100.00,4.00,12.00,35.00
05_30_150dis04.csv,30,150,40.00,100,2,71,27,0,27.00,27,17.48,21.81,19.65,17.00,19.63,91.00,18.52,35.19,62.96,0.00,0.00,7.00
05_30_180dis02.csv,30,180,20.00,100,11,37,52,0,52.00,52,5.21,3.98,4.60,4.00,2.73,16.00,63.46,98.08,100.00,19.00,50.00,52.00
06_00_150dis03.csv,0,150,30.00,100,0,49,51,0,51.00,51,7.08,5.41,6.25,7.00,3.56,20.00,37.25,94.12,100.00,5.00,46.00,51.00
06_00_230dis02.csv,0,230,20.00,100,0,71,29,0,29.00,29,10.76,4.66,7.71,3.00,13.30,74.00,55.17,81.03,96.55,9.00,20.00,27.00
06_00_90dis03.csv,0,90,30.00,100,0,71,29,0,29.00,29,16.07,6.83,11.45,7.00,13.46,81.00,29.31,68.97,82.76,0.00,12.00,20.00
06_30_150dis02.csv,30,150,20.00,100,6,50,44,0,44.00,44,6.36,11.05,8.70,9.00,4.27,18.00,26.14,62.50,100.00,1.00,13.00,44.00
06_30_150dis04.csv,30,150,40.00,100,9,63,27,1,27.00,27,7.30,8.96,8.13,4.00,11.05,72.00,57.41,77.78,92.59,6.00,15.00,23.00
07_30_150dis04.csv,30,150,40.00,100,6,60,34,0,34.00,34,16.94,18.85,17.90,14.00,18.53,106.00,19.12,35.29,77.94,1.00,6.00,21.00
08_30_150dis04.csv,30,150,40.00,100,4,67,29,0,29.00,29,29.72,21.83,25.78,17.00,24.86,97.00,17.24,32.76,58.62,1.00,1.00,8.00
