filename,frames,detected_0,detected_1,detected_2,detected_3,tp,fp,fn,precision,recall,f1,mae,median_error,std_error,max_error
01_00_150dis02.csv,100,2,54,44,0,125,17,75,0.8803,0.6250,0.7310,9.18,10.00,4.40,15.00
01_00_150dis03.csv,100,4,62,34,0,117,13,83,0.9000,0.5850,0.7091,7.71,8.00,3.62,14.00
01_00_230dis02.csv,100,0,63,37,0,137,0,63,1.0000,0.6850,0.8131,6.23,5.00,3.20,13.00
01_00_270dis04.csv,100,6,65,29,0,74,49,126,0.6016,0.3700,0.4582,7.57,8.00,4.10,15.00
01_00_90dis02.csv,100,3,58,39,0,134,2,66,0.9853,0.6700,0.7976,7.24,7.00,2.93,15.00
01_00_90dis03.csv,100,0,77,23,0,114,9,86,0.9268,0.5700,0.7059,5.36,4.00,4.39,15.00
01_180_330dis02.csv,100,0,60,40,0,119,21,81,0.8500,0.5950,0.7000,11.13,12.00,2.69,15.00
01_30_150dis02.csv,100,0,57,43,0,110,33,90,0.7692,0.5500,0.6414,9.47,10.00,3.92,15.00
01_30_150dis04.csv,100,0,65,35,0,82,53,118,0.6074,0.4100,0.4896,6.61,5.00,4.43,15.00
01_30_180dis02.csv,100,2,56,42,0,140,0,60,1.0000,0.7000,0.8235,3.50,3.00,2.82,14.00
01_30_90dis02.csv,100,0,81,19,0,60,59,140,0.5042,0.3000,0.3762,5.13,4.00,4.17,15.00
01_330_180dis02.csv,100,3,57,40,0,131,6,69,0.9562,0.6550,0.7774,6.63,6.00,4.26,14.00
02_00_150dis02.csv,100,1,62,37,0,105,31,95,0.7721,0.5250,0.6250,8.43,10.00,4.65,15.00
02_00_150dis03.csv,100,0,72,28,0,120,8,80,0.9375,0.6000,0.7317,5.56,6.00,3.75,15.00
02_00_230dis02.csv,100,0,63,37,0,129,8,71,0.9416,0.6450,0.7656,5.90,5.00,3.61,13.00
02_00_270dis04.csv,100,5,72,23,0,63,55,137,0.5339,0.3150,0.3962,8.59,9.00,3.19,15.00
02_00_90dis02.csv,100,0,40,60,0,157,3,43,0.9812,0.7850,0.8722,5.04,5.00,3.35,15.00
02_00_90dis03.csv,100,0,74,26,0,121,5,79,0.9603,0.6050,0.7423,6.42,5.00,5.40,15.00
02_180_330dis02.csv,100,9,61,30,0,118,3,82,0.9752,0.5900,0.7352,5.42,4.00,4.06,15.00
02_30_150dis02.csv,100,7,54,39,0,103,29,97,0.7803,0.5150,0.6205,7.60,7.00,3.65,15.00
02_30_150dis04.csv,100,0,67,33,0,62,71,138,0.4662,0.3100,0.3724,10.02,10.00,3.66,15.00
02_30_180dis02.csv,100,3,52,45,0,138,4,62,0.9718,0.6900,0.8070,4.28,5.00,2.73,11.00
02_330_180dis02.csv,100,2,56,41,1,138,3,62,0.9787,0.6900,0.8094,6.27,6.00,3.71,15.00
03_00_150dis02.csv,100,16,61,23,0,92,15,108,0.8598,0.4600,0.5993,7.59,9.00,3.31,14.00
03_00_150dis03.csv,100,2,46,52,0,136,14,64,0.9067,0.6800,0.7771,6.40,5.00,4.29,15.00
03_00_230dis02.csv,100,0,47,53,0,146,7,54,0.9542,0.7300,0.8272,5.71,5.00,4.12,14.00
03_00_270dis04.csv,100,4,68,28,0,66,58,134,0.5323,0.3300,0.4074,7.44,7.00,4.88,15.00
03_00_90dis02.csv,100,5,54,41,0,136,0,64,1.0000,0.6800,0.8095,5.82,5.00,3.83,15.00
03_00_90dis03.csv,100,0,55,45,0,133,12,67,0.9172,0.6650,0.7710,5.16,3.00,4.79,15.00
03_180_330dis02.csv,100,0,66,34,0,122,12,78,0.9104,0.6100,0.7305,7.19,7.00,3.92,15.00
03_30_150dis02.csv,100,3,42,55,0,149,3,51,0.9803,0.7450,0.8466,8.07,9.00,4.36,15.00
03_30_150dis04.csv,100,1,74,25,0,101,23,99,0.8145,0.5050,0.6235,10.36,11.00,3.92,15.00
03_30_180dis02.csv,100,4,47,49,0,145,0,55,1.0000,0.7250,0.8406,4.48,5.00,2.52,11.00
03_330_180dis02.csv,100,8,54,38,0,123,7,77,0.9462,0.6150,0.7455,6.74,6.00,4.63,15.00
04_00_150dis02.csv,100,0,42,58,0,150,8,50,0.9494,0.7500,0.8380,5.66,5.00,3.44,15.00
04_00_150dis03.csv,100,1,73,25,1,123,3,77,0.9762,0.6150,0.7546,6.11,6.00,3.31,15.00
04_00_230dis02.csv,100,6,48,46,0,139,1,61,0.9929,0.6950,0.8176,5.27,5.00,4.06,15.00
04_00_90dis02.csv,100,4,50,46,0,139,3,61,0.9789,0.6950,0.8129,5.55,5.00,3.60,15.00
04_00_90dis03.csv,100,0,74,26,0,114,12,86,0.9048,0.5700,0.6994,5.36,4.00,4.51,15.00
04_180_330dis02.csv,100,2,44,54,0,141,11,59,0.9276,0.7050,0.8011,8.27,9.00,3.95,15.00
04_30_150dis02.csv,100,2,49,49,0,133,14,67,0.9048,0.6650,0.7666,8.89,9.00,4.23,15.00
04_30_150dis04.csv,100,4,59,36,1,73,61,127,0.5448,0.3650,0.4371,8.19,8.00,4.47,15.00
04_30_180dis02.csv,100,1,64,35,0,134,0,66,1.0000,0.6700,0.8024,3.71,4.00,1.99,9.00
04_330_180dis02.csv,100,1,48,51,0,140,10,60,0.9333,0.7000,0.8000,8.27,9.00,3.82,15.00
05_00_150dis02.csv,100,2,42,56,0,134,20,66,0.8701,0.6700,0.7571,6.41,7.50,3.28,14.00
05_00_150dis03.csv,100,1,71,28,0,126,1,74,0.9921,0.6300,0.7706,6.74,6.00,3.94,15.00
05_00_230dis02.csv,100,8,51,41,0,123,10,77,0.9248,0.6150,0.7387,4.82,4.00,3.86,15.00
05_00_90dis02.csv,100,9,53,38,0,117,12,83,0.9070,0.5850,0.7112,5.51,6.00,2.96,15.00
05_00_90dis03.csv,100,0,61,38,1,133,7,67,0.9500,0.6650,0.7824,5.41,4.00,4.22,15.00
05_30_150dis02.csv,100,2,63,35,0,130,3,70,0.9774,0.6500,0.7808,7.88,7.00,4.28,15.00
05_30_150dis04.csv,100,2,71,27,0,62,63,138,0.4960,0.3100,0.3815,7.29,7.00,4.46,15.00
05_30_180dis02.csv,100,11,37,52,0,140,1,60,0.9929,0.7000,0.8211,4.34,4.00,2.40,11.00
06_00_150dis03.csv,100,0,49,51,0,145,6,55,0.9603,0.7250,0.8262,6.41,7.00,3.39,15.00
06_00_230dis02.csv,100,0,71,29,0,122,7,78,0.9457,0.6100,0.7416,5.15,4.00,4.12,14.00
06_00_90dis03.csv,100,0,71,29,0,117,12,83,0.9070,0.5850,0.7112,4.21,3.00,3.46,15.00
06_30_150dis02.csv,100,6,50,44,0,133,5,67,0.9638,0.6650,0.7870,8.18,8.00,4.05,15.00
06_30_150dis04.csv,100,9,63,27,1,98,22,102,0.8167,0.4900,0.6125,5.85,5.00,3.93,15.00
07_30_150dis04.csv,100,6,60,34,0,66,62,134,0.5156,0.3300,0.4024,7.67,7.00,5.06,15.00
08_30_150dis04.csv,100,4,67,29,0,66,59,134,0.5280,0.3300,0.4062,5.59,5.00,4.36,15.00
