sample,distance_cm,detected_count,raw_angles,true_angle_1,detected_angle_1,error_1,mean_error
1,20.0,0,,0,,,
2,20.0,1,6,0,6,6,6.00
3,20.0,1,8,0,8,8,8.00
4,20.0,1,12,0,12,12,12.00
5,20.0,1,12,0,12,12,12.00
6,20.0,1,12,0,12,12,12.00
7,20.0,1,12,0,12,12,12.00
8,20.0,1,12,0,12,12,12.00
9,20.0,1,12,0,12,12,12.00
10,20.0,1,11,0,11,11,11.00
11,20.0,1,11,0,11,11,11.00
12,20.0,1,11,0,11,11,11.00
13,20.0,1,0,0,0,0,0.00
14,20.0,1,1,0,1,1,1.00
15,20.0,1,0,0,0,0,0.00
16,20.0,1,0,0,0,0,0.00
17,20.0,0,,0,,,
18,20.0,0,,0,,,
19,20.0,0,,0,,,
20,20.0,0,,0,,,
21,20.0,1,0,0,0,0,0.00
22,20.0,0,,0,,,
23,20.0,0,,0,,,
24,20.0,1,0,0,0,0,0.00
25,20.0,1,0,0,0,0,0.00
26,20.0,1,359,0,359,1,1.00
27,20.0,1,358,0,358,2,2.00
28,20.0,1,0,0,0,0,0.00
29,20.0,1,0,0,0,0,0.00
30,20.0,1,0,0,0,0,0.00
31,20.0,0,,0,,,
32,20.0,0,,0,,,
33,20.0,0,,0,,,
34,20.0,0,,0,,,
35,20.0,0,,0,,,
36,20.0,0,,0,,,
37,20.0,0,,0,,,
38,20.0,0,,0,,,
39,20.0,0,,0,,,
40,20.0,0,,0,,,
41,20.0,0,,0,,,
42,20.0,0,,0,,,
43,20.0,0,,0,,,
44,20.0,0,,0,,,
45,20.0,0,,0,,,
46,20.0,0,,0,,,
47,20.0,0,,0,,,
48,20.0,0,,0,,,
49,20.0,0,,0,,,
50,20.0,1,0,0,0,0,0.00
51,20.0,1,11,0,11,11,11.00
52,20.0,1,11,0,11,11,11.00
53,20.0,1,11,0,11,11,11.00
54,20.0,0,,0,,,
55,20.0,1,11,0,11,11,11.00
56,20.0,1,13,0,13,13,13.00
57,20.0,1,3,0,3,3,3.00
58,20.0,1,3,0,3,3,3.00
59,20.0,1,5,0,5,5,5.00
60,20.0,1,5,0,5,5,5.00
61,20.0,1,5,0,5,5,5.00
62,20.0,1,11,0,11,11,11.00
63,20.0,1,6,0,6,6,6.00
64,20.0,1,10,0,10,10,10.00
65,20.0,1,5,0,5,5,5.00
66,20.0,0,,0,,,
67,20.0,0,,0,,,
68,20.0,0,,0,,,
69,20.0,0,,0,,,
70,20.0,0,,0,,,
71,20.0,1,5,0,5,5,5.00
72,20.0,1,5,0,5,5,5.00
73,20.0,1,351,0,351,9,9.00
74,20.0,1,354,0,354,6,6.00
75,20.0,1,354,0,354,6,6.00
76,20.0,0,,0,,,
77,20.0,1,354,0,354,6,6.00
78,20.0,1,357,0,357,3,3.00
79,20.0,1,357,0,357,3,3.00
80,20.0,1,357,0,357,3,3.00
81,20.0,1,3,0,3,3,3.00
82,20.0,1,3,0,3,3,3.00
83,20.0,1,3,0,3,3,3.00
84,20.0,1,3,0,3,3,3.00
85,20.0,1,4,0,4,4,4.00
86,20.0,1,4,0,4,4,4.00
87,20.0,1,0,0,0,0,0.00
88,20.0,1,5,0,5,5,5.00
89,20.0,1,5,0,5,5,5.00
90,20.0,1,5,0,5,5,5.00
91,20.0,1,5,0,5,5,5.00
92,20.0,1,5,0,5,5,5.00
93,20.0,1,5,0,5,5,5.00
94,20.0,1,5,0,5,5,5.00
95,20.0,1,5,0,5,5,5.00
96,20.0,1,8,0,8,8,8.00
97,20.0,1,5,0,5,5,5.00
98,20.0,1,3,0,3,3,3.00
99,20.0,1,3,0,3,3,3.00
100,20.0,0,,0,,,
