recall,precision,threshold
1.0,0.6702954898911353,0.2502786
0.9907192575406032,0.8858921161825726,0.25114873
0.9907192575406032,0.8877338877338877,0.2533216
0.9907192575406032,0.8895833333333333,0.25461254
0.9907192575406032,0.8914405010438413,0.25507572
0.988399071925754,0.891213389121339,0.2557179
0.988399071925754,0.8930817610062893,0.2559467
0.988399071925754,0.8949579831932774,0.25665677
0.9860788863109049,0.8947368421052632,0.25877687
0.9860788863109049,0.8966244725738397,0.26220173
0.9860788863109049,0.8985200845665962,0.26484075
0.9860788863109049,0.9004237288135594,0.265788
0.9860788863109049,0.9023354564755839,0.2666381
0.9860788863109049,0.9042553191489362,0.27105603
0.9860788863109049,0.906183368869936,0.27157137
0.9860788863109049,0.9081196581196581,0.2751623
0.9837587006960556,0.9079229122055674,0.2795174
0.9837587006960556,0.9098712446351931,0.286827
0.9837587006960556,0.9118279569892473,0.29074335
0.9837587006960556,0.9137931034482759,0.2930991
0.9814385150812065,0.9136069114470843,0.29398924
0.9791183294663574,0.9134199134199135,0.29514283
0.9767981438515081,0.913232104121475,0.29942343
0.9767981438515081,0.9152173913043479,0.30246583
0.9767981438515081,0.9172113289760349,0.30323455
0.9767981438515081,0.9192139737991266,0.3035726
0.974477958236659,0.9190371991247265,0.30463612
0.974477958236659,0.9210526315789473,0.30704147
0.9721577726218097,0.9208791208791208,0.30964303
0.9698375870069605,0.920704845814978,0.31158528
0.9698375870069605,0.9227373068432672,0.3127771
0.9698375870069605,0.9247787610619469,0.31343427
0.9675174013921114,0.9246119733924612,0.32113633
0.9651972157772621,0.9244444444444444,0.32118475
0.962877030162413,0.9242761692650334,0.32176727
0.962877030162413,0.9263392857142857,0.32514206
0.9605568445475638,0.9261744966442953,0.3291433
0.9582366589327146,0.9260089686098655,0.3321367
0.9582366589327146,0.9280898876404494,0.332293
0.9559164733178654,0.9279279279279279,0.33508068
0.9535962877030162,0.927765237020316,0.33514392
0.9535962877030162,0.9298642533936652,0.33618113
0.9535962877030162,0.9319727891156463,0.33749065
0.9535962877030162,0.9340909090909091,0.34162447
0.9535962877030162,0.9362186788154897,0.34714803
0.9535962877030162,0.9383561643835616,0.34760708
0.9535962877030162,0.9405034324942791,0.35197815
0.9535962877030162,0.9426605504587156,0.3527508
0.951276102088167,0.9425287356321839,0.35448274
0.9489559164733179,0.9423963133640553,0.3583283
0.9489559164733179,0.9445727482678984,0.35847905
0.9466357308584686,0.9444444444444444,0.36507937
0.9443155452436195,0.9443155452436195,0.3657534
0.9419953596287703,0.9441860465116279,0.36815143
0.9396751740139211,0.9440559440559441,0.37389758
0.9373549883990719,0.9439252336448598,0.37443942
0.9350348027842227,0.9437939110070258,0.37445265
0.9350348027842227,0.9460093896713615,0.3816142
0.9350348027842227,0.9482352941176471,0.38445395
0.9327146171693735,0.9481132075471698,0.38636494
0.9303944315545244,0.9479905437352246,0.3915073
0.9280742459396751,0.9478672985781991,0.39253962
0.925754060324826,0.9477434679334917,0.39494184
0.9234338747099768,0.9476190476190476,0.39623028
0.9211136890951276,0.9474940334128878,0.41168126
0.9211136890951276,0.9497607655502392,0.41242737
0.9211136890951276,0.9520383693045563,0.41914254
0.9187935034802784,0.9519230769230769,0.42143825
0.9187935034802784,0.9542168674698795,0.42732838
0.9164733178654292,0.9541062801932367,0.43967435
0.91415313225058,0.9539951573849879,0.4431523
0.91415313225058,0.9563106796116505,0.4451813
0.9118329466357309,0.9562043795620438,0.4587619
0.9118329466357309,0.9585365853658536,0.46096727
0.9095127610208816,0.9584352078239609,0.46663165
0.9095127610208816,0.9607843137254902,0.4735626
0.9095127610208816,0.9631449631449631,0.4944426
0.9071925754060325,0.9630541871921182,0.49761364
0.9071925754060325,0.9654320987654321,0.5019343
0.9048723897911833,0.9653465346534653,0.5036004
0.9025522041763341,0.9652605459057072,0.50596523
0.9002320185614849,0.9651741293532339,0.51375675
0.9002320185614849,0.9675810473815462,0.52072847
0.8979118329466357,0.9675,0.52188736
0.8955916473317865,0.9674185463659147,0.5270841
0.8932714617169374,0.9673366834170855,0.5283703
0.8932714617169374,0.9697732997481109,0.54142976
0.8909512761020881,0.9696969696969697,0.5622966
0.888631090487239,0.9696202531645569,0.5635226
0.888631090487239,0.9720812182741116,0.56471753
0.8863109048723898,0.9720101781170484,0.5684707
0.8839907192575406,0.9719387755102041,0.5727594
0.8816705336426914,0.9718670076726342,0.5763918
0.8793503480278422,0.9717948717948718,0.5771843
0.877030162412993,0.9717223650385605,0.58448946
0.8747099767981439,0.9716494845360825,0.5922895
0.8723897911832946,0.9715762273901809,0.59477556
0.8723897911832946,0.9740932642487047,0.59615743
0.8723897911832946,0.9766233766233766,0.60486245
0.8700696055684455,0.9765625,0.6073813
0.8677494199535963,0.9765013054830287,0.60851145
0.8654292343387471,0.9764397905759162,0.6150712
0.8654292343387471,0.979002624671916,0.618563
0.8631090487238979,0.9789473684210527,0.61951995
0.8607888631090487,0.978891820580475,0.62484384
0.8584686774941995,0.9788359788359788,0.6311941
0.8561484918793504,0.9787798408488063,0.6323605
0.8538283062645011,0.9787234042553191,0.63391155
0.851508120649652,0.9786666666666667,0.6392685
0.851508120649652,0.9812834224598931,0.6428552
0.8491879350348028,0.9812332439678284,0.6432961
0.8468677494199536,0.9811827956989247,0.6441254
0.8468677494199536,0.9838274932614556,0.64590144
0.8445475638051044,0.9837837837837838,0.6483231
0.8445475638051044,0.986449864498645,0.64835215
0.8422273781902552,0.9864130434782609,0.66144556
0.839907192575406,0.9863760217983651,0.66554934
0.8375870069605569,0.9863387978142076,0.66711473
0.8352668213457076,0.9863013698630136,0.6712109
0.8329466357308585,0.9862637362637363,0.67487806
0.8306264501160093,0.9862258953168044,0.67707574
0.8283062645011601,0.9861878453038674,0.68401617
0.8259860788863109,0.9861495844875346,0.68493885
0.8236658932714617,0.9861111111111112,0.685562
0.8213457076566125,0.9860724233983287,0.6905416
0.8190255220417634,0.9860335195530726,0.6909249
0.8167053364269141,0.9859943977591037,0.70066416
0.814385150812065,0.9859550561797753,0.71104324
0.8120649651972158,0.9859154929577465,0.7116878
0.8097447795823666,0.9858757062146892,0.711802
0.8074245939675174,0.9858356940509915,0.71431893
0.8074245939675174,0.9886363636363636,0.717901
0.8051044083526682,0.9886039886039886,0.7221239
0.802784222737819,0.9885714285714285,0.7270248
0.8004640371229699,0.9885386819484241,0.73006785
0.7981438515081206,0.9885057471264368,0.7325268
0.7958236658932715,0.9884726224783862,0.7332469
0.7935034802784223,0.9884393063583815,0.7357969
0.7911832946635731,0.9884057971014493,0.7434551
0.7888631090487239,0.9883720930232558,0.744625
0.7865429234338747,0.9883381924198251,0.74586606
0.7842227378190255,0.9883040935672515,0.7501807
0.7819025522041764,0.9882697947214076,0.75094706
0.7795823665893271,0.9882352941176471,0.7521016
0.777262180974478,0.9882005899705014,0.754564
0.7749419953596288,0.9881656804733728,0.757545
0.7726218097447796,0.9881305637982196,0.767153
0.7703016241299304,0.9880952380952381,0.76975924
0.7679814385150812,0.9880597014925373,0.77094567
0.7679814385150812,0.9910179640718563,0.77614427
0.765661252900232,0.990990990990991,0.7830876
0.7633410672853829,0.9909638554216867,0.7855859
0.7610208816705336,0.9909365558912386,0.7858739
0.7587006960556845,0.990909090909091,0.7859208
0.7563805104408353,0.9908814589665653,0.787278
0.7540603248259861,0.9908536585365854,0.7876546
0.7517401392111369,0.9908256880733946,0.791505
0.7494199535962877,0.99079754601227,0.7936068
0.7470997679814385,0.9907692307692307,0.8074405
0.7447795823665894,0.9907407407407407,0.80874115
0.7424593967517401,0.9907120743034056,0.8125335
0.740139211136891,0.9906832298136646,0.81965446
0.7378190255220418,0.9906542056074766,0.8210924
0.7354988399071926,0.990625,0.8243176
0.7331786542923434,0.9905956112852664,0.825608
0.7308584686774942,0.9905660377358491,0.8259246
0.728538283062645,0.9905362776025236,0.8285726
0.7262180974477959,0.990506329113924,0.83363813
0.7238979118329466,0.9904761904761905,0.8354389
0.7215777262180975,0.9904458598726115,0.83588237
0.7192575406032483,0.9904153354632588,0.8365958
0.7169373549883991,0.9903846153846154,0.8385533
0.7146171693735499,0.9903536977491961,0.83994764
0.7122969837587007,0.9903225806451613,0.8427448
0.7099767981438515,0.9902912621359223,0.8438808
0.7076566125290024,0.9902597402597403,0.8449201
0.7053364269141531,0.990228013029316,0.8466786
0.703016241299304,0.9901960784313726,0.8549822
0.7006960556844548,0.9901639344262295,0.8552826
0.6983758700696056,0.9901315789473685,0.8555919
0.6960556844547564,0.9900990099009901,0.8628167
0.6937354988399071,0.9900662251655629,0.8650401
0.691415313225058,0.9900332225913622,0.8683817
0.6890951276102089,0.99,0.87012565
0.6867749419953596,0.9899665551839465,0.87094915
0.6844547563805105,0.9899328859060402,0.8732109
0.6821345707656613,0.98989898989899,0.87333876
0.679814385150812,0.9898648648648649,0.87380004
0.6774941995359629,0.9898305084745763,0.87607723
0.6751740139211136,0.9897959183673469,0.8775779
0.6728538283062645,0.9897610921501706,0.8779254
0.6705336426914154,0.9897260273972602,0.88206726
0.6682134570765661,0.9896907216494846,0.88323134
0.665893271461717,0.9896551724137931,0.8847965
0.6635730858468677,0.9896193771626297,0.88512725
0.6612529002320185,0.9895833333333334,0.88839626
0.6589327146171694,0.9895470383275261,0.88863266
0.6566125290023201,0.9895104895104895,0.8904729
0.654292343387471,0.9894736842105263,0.89082557
0.6519721577726219,0.9894366197183099,0.89208347
0.6496519721577726,0.9893992932862191,0.8954114
0.6473317865429234,0.9893617021276596,0.89631003
0.6450116009280742,0.9893238434163701,0.89700365
0.642691415313225,0.9892857142857143,0.90466017
0.6403712296983759,0.989247311827957,0.90483636
0.6380510440835266,0.9892086330935251,0.9051093
0.6357308584686775,0.9891696750902527,0.90726584
0.6334106728538283,0.9891304347826086,0.9072921
0.6310904872389791,0.9890909090909091,0.9078726
0.6310904872389791,0.9927007299270073,0.9093131
0.62877030162413,0.9926739926739927,0.9094689
0.6264501160092807,0.9926470588235294,0.9105792
0.6241299303944315,0.992619926199262,0.9119656
0.6218097447795824,0.9925925925925926,0.9145454
0.6194895591647331,0.9925650557620818,0.915414
0.617169373549884,0.9925373134328358,0.9156764
0.6148491879350348,0.9925093632958801,0.91690814
0.6125290023201856,0.9924812030075187,0.917041
0.6102088167053364,0.9924528301886792,0.91751045
0.6078886310904872,0.9924242424242424,0.9239452
0.605568445475638,0.9923954372623575,0.9241998
0.6032482598607889,0.9923664122137404,0.92537177
0.6009280742459396,0.9923371647509579,0.92557144
0.5986078886310905,0.9923076923076923,0.9267235
0.5962877030162413,0.9922779922779923,0.92704594
0.5939675174013921,0.9922480620155039,0.92768574
0.5916473317865429,0.9922178988326849,0.9280298
0.5893271461716937,0.9921875,0.9284015
0.5870069605568445,0.9921568627450981,0.92858535
0.5846867749419954,0.9921259842519685,0.92990357
0.5823665893271461,0.9920948616600791,0.930656
0.580046403712297,0.9920634920634921,0.9352514
0.5777262180974478,0.9920318725099602,0.9354518
0.5754060324825986,0.992,0.9365763
0.5730858468677494,0.9919678714859438,0.93704545
0.5707656612529002,0.9919354838709677,0.93787533
0.568445475638051,0.9919028340080972,0.9381031
0.5661252900232019,0.991869918699187,0.9389088
0.5638051044083526,0.9918367346938776,0.9391215
0.5614849187935035,0.9918032786885246,0.939417
0.5591647331786543,0.9917695473251029,0.9397644
0.5568445475638051,0.9917355371900827,0.9398092
0.5545243619489559,0.991701244813278,0.9398519
0.5522041763341067,0.9916666666666667,0.94029677
0.5498839907192575,0.9916317991631799,0.94040686
0.5475638051044084,0.9915966386554622,0.9414486
0.5452436194895591,0.9915611814345991,0.9420263
0.54292343387471,0.9915254237288136,0.942168
0.5406032482598608,0.9914893617021276,0.94378424
0.5382830626450116,0.9914529914529915,0.9444744
0.5359628770301624,0.9914163090128756,0.94478685
0.5336426914153132,0.9913793103448276,0.9451893
0.531322505800464,0.9913419913419913,0.94567096
0.5290023201856149,0.991304347826087,0.9457494
0.5266821345707656,0.9912663755458515,0.94728565
0.5243619489559165,0.9912280701754386,0.94757897
0.5220417633410673,0.9911894273127754,0.9477058
0.5197215777262181,0.9911504424778761,0.9481672
0.5174013921113689,0.9911111111111112,0.948677
0.5150812064965197,0.9910714285714286,0.95070577
0.5127610208816705,0.9910313901345291,0.9507452
0.5104408352668214,0.990990990990991,0.95242846
0.5081206496519721,0.9909502262443439,0.95271504
0.505800464037123,0.990909090909091,0.9527309
0.5034802784222738,0.9908675799086758,0.95374435
0.5011600928074246,0.9908256880733946,0.95421964
0.4988399071925754,0.9907834101382489,0.9553334
0.4965197215777262,0.9907407407407407,0.95551777
0.494199535962877,0.9906976744186047,0.9559367
0.4918793503480278,0.9906542056074766,0.9560186
0.4895591647331787,0.9906103286384976,0.9568085
0.4872389791183295,0.9905660377358491,0.95815307
0.48491879350348027,0.990521327014218,0.9584189
0.48259860788863107,0.9904761904761905,0.9586329
0.4802784222737819,0.9904306220095693,0.9590951
0.4779582366589327,0.9903846153846154,0.9596017
0.4756380510440835,0.9903381642512077,0.96098584
0.4733178654292343,0.9902912621359223,0.961184
0.4709976798143852,0.9902439024390244,0.9613348
0.46867749419953597,0.9901960784313726,0.96139574
0.46635730858468677,0.9901477832512315,0.9615658
0.46403712296983757,0.9900990099009901,0.9616252
0.4617169373549884,0.9900497512437811,0.9621414
0.4593967517401392,0.99,0.9626993
0.45707656612529,0.9899497487437185,0.9631998
0.4547563805104408,0.98989898989899,0.9633713
0.45243619489559167,0.9898477157360406,0.96363777
0.45011600928074247,0.9897959183673469,0.96389735
0.44779582366589327,0.9897435897435898,0.9641258
0.44547563805104406,0.9896907216494846,0.96434927
0.4431554524361949,0.9896373056994818,0.96465707
0.4408352668213457,0.9895833333333334,0.9665464
0.4385150812064965,0.9895287958115183,0.9674744
0.4361948955916473,0.9894736842105263,0.9676833
0.43387470997679817,0.9894179894179894,0.9681975
0.43155452436194897,0.9893617021276596,0.9684652
0.42923433874709976,0.9893048128342246,0.968481
0.42691415313225056,0.989247311827957,0.96860003
0.4245939675174014,0.9891891891891892,0.9691299
0.4222737819025522,0.9891304347826086,0.96948653
0.419953596287703,0.9890710382513661,0.9695892
0.4176334106728538,0.989010989010989,0.97054034
0.41531322505800466,0.988950276243094,0.9707191
0.41299303944315546,0.9888888888888889,0.9710745
0.41067285382830626,0.9888268156424581,0.9711454
0.40835266821345706,0.9887640449438202,0.9719897
0.4060324825986079,0.9887005649717514,0.97288746
0.4037122969837587,0.9886363636363636,0.97305226
0.4013921113689095,0.9885714285714285,0.9733743
0.3990719257540603,0.9885057471264368,0.9734449
0.39675174013921116,0.9884393063583815,0.9735692
0.39443155452436196,0.9883720930232558,0.973596
0.39211136890951276,0.9883040935672515,0.97370034
0.38979118329466356,0.9882352941176471,0.9738766
0.3874709976798144,0.9881656804733728,0.97389174
0.3851508120649652,0.9880952380952381,0.974064
0.382830626450116,0.9880239520958084,0.97449225
0.3805104408352668,0.9879518072289156,0.9745575
0.3805104408352668,0.9939393939393939,0.97470903
0.37819025522041766,0.9939024390243902,0.9763292
0.37587006960556846,0.9938650306748467,0.97633135
0.37354988399071926,0.9938271604938271,0.97640264
0.37122969837587005,0.9937888198757764,0.9765802
0.3689095127610209,0.99375,0.976667
0.3665893271461717,0.9937106918238994,0.97696763
0.3642691415313225,0.9936708860759493,0.97752243
0.3619489559164733,0.9936305732484076,0.97764695
0.35962877030162416,0.9935897435897436,0.97774786
0.35730858468677495,0.9935483870967742,0.9778653
0.35498839907192575,0.9935064935064936,0.9778687
0.35266821345707655,0.9934640522875817,0.9778912
0.3503480278422274,0.993421052631579,0.97791964
0.3480278422273782,0.9933774834437086,0.9779305
0.345707656612529,0.9933333333333333,0.97836345
0.3433874709976798,0.9932885906040269,0.97915745
0.34106728538283065,0.9932432432432432,0.9793606
0.33874709976798145,0.9931972789115646,0.98035175
0.33642691415313225,0.9931506849315068,0.98048806
0.33410672853828305,0.993103448275862,0.980723
0.33178654292343385,0.9930555555555556,0.98077035
0.3294663573085847,0.993006993006993,0.9811307
0.3271461716937355,0.9929577464788732,0.9812695
0.3248259860788863,0.9929078014184397,0.9812857
0.3225058004640371,0.9928571428571429,0.98131657
0.32018561484918795,0.9928057553956835,0.9813344
0.31786542923433875,0.9927536231884058,0.98194224
0.31554524361948955,0.9927007299270073,0.98208773
0.31322505800464034,0.9926470588235294,0.9823361
0.3109048723897912,0.9925925925925926,0.9823487
0.308584686774942,0.9925373134328358,0.98237133
0.3062645011600928,0.9924812030075187,0.9823883
0.3039443155452436,0.9924242424242424,0.98293984
0.30162412993039445,0.9923664122137404,0.98306036
0.29930394431554525,0.9923076923076923,0.9832963
0.29698375870069604,0.9922480620155039,0.98354745
0.29466357308584684,0.9921875,0.9835967
0.2923433874709977,0.9921259842519685,0.98401964
0.2900232018561485,0.9920634920634921,0.98409754
0.2877030162412993,0.992,0.98422617
0.2853828306264501,0.9919354838709677,0.9842428
0.28306264501160094,0.991869918699187,0.98429257
0.28074245939675174,0.9918032786885246,0.98452264
0.27842227378190254,0.9917355371900827,0.9846876
0.27610208816705334,0.9916666666666667,0.98474705
0.2737819025522042,0.9915966386554622,0.9848625
0.271461716937355,0.9915254237288136,0.98495114
0.2691415313225058,0.9914529914529915,0.98506445
0.2668213457076566,0.9913793103448276,0.9853857
0.26450116009280744,0.991304347826087,0.9854481
0.26218097447795824,0.9912280701754386,0.9854985
0.25986078886310904,0.9911504424778761,0.9856961
0.25754060324825984,0.9910714285714286,0.9857364
0.2552204176334107,0.990990990990991,0.9861893
0.2529002320185615,0.990909090909091,0.98636913
0.2505800464037123,0.9908256880733946,0.9864523
0.2482598607888631,0.9907407407407407,0.9864862
0.2459396751740139,0.9906542056074766,0.98660094
0.24361948955916474,0.9905660377358491,0.9866723
0.24129930394431554,0.9904761904761905,0.9870521
0.23897911832946636,0.9903846153846154,0.9872302
0.23665893271461716,0.9902912621359223,0.9872315
0.23433874709976799,0.9901960784313726,0.98724866
0.23201856148491878,0.9900990099009901,0.9873909
0.2296983758700696,0.99,0.98762715
0.2273781902552204,0.98989898989899,0.9876858
0.22505800464037123,0.9897959183673469,0.98771054
0.22273781902552203,0.9896907216494846,0.9880099
0.22041763341067286,0.9895833333333334,0.98808736
0.21809744779582366,0.9894736842105263,0.9881138
0.21577726218097448,0.9893617021276596,0.9882237
0.21345707656612528,0.989247311827957,0.98871404
0.2111368909512761,0.9891304347826086,0.9887339
0.2088167053364269,0.989010989010989,0.98889965
0.20649651972157773,0.9888888888888889,0.9890221
0.20417633410672853,0.9887640449438202,0.9890982
0.20185614849187936,0.9886363636363636,0.9892
0.19953596287703015,0.9885057471264368,0.98945284
0.19721577726218098,0.9883720930232558,0.9897465
0.19489559164733178,0.9882352941176471,0.98981494
0.1925754060324826,0.9880952380952381,0.9899465
0.1902552204176334,0.9879518072289156,0.99004334
0.18793503480278423,0.9878048780487805,0.9900447
0.18561484918793503,0.9876543209876543,0.99004745
0.18329466357308585,0.9875,0.9901818
0.18097447795823665,0.9873417721518988,0.99032897
0.17865429234338748,0.9871794871794872,0.99047035
0.17633410672853828,0.987012987012987,0.9904837
0.1740139211136891,0.9868421052631579,0.9907025
0.1716937354988399,0.9866666666666667,0.9907386
0.16937354988399073,0.9864864864864865,0.9907609
0.16705336426914152,0.9863013698630136,0.9907721
0.16473317865429235,0.9861111111111112,0.99090314
0.16241299303944315,0.9859154929577465,0.9909847
0.16009280742459397,0.9857142857142858,0.99099225
0.15777262180974477,0.9855072463768116,0.9910517
0.15777262180974477,1.0,0.9916382
0.1554524361948956,1.0,0.99174786
0.1531322505800464,1.0,0.99177384
0.15081206496519722,1.0,0.9917819
0.14849187935034802,1.0,0.99204904
0.14617169373549885,1.0,0.992101
0.14385150812064965,1.0,0.9921955
0.14153132250580047,1.0,0.9923113
0.13921113689095127,1.0,0.99236894
0.1368909512761021,1.0,0.99241936
0.1345707656612529,1.0,0.9924874
0.13225058004640372,1.0,0.99253255
0.12993039443155452,1.0,0.99261147
0.12761020881670534,1.0,0.9927021
0.12529002320185614,1.0,0.99276686
0.12296983758700696,1.0,0.992805
0.12064965197215777,1.0,0.9929154
0.11832946635730858,1.0,0.9930997
0.11600928074245939,1.0,0.9931788
0.1136890951276102,1.0,0.99332744
0.11136890951276102,1.0,0.9937373
0.10904872389791183,1.0,0.9937783
0.10672853828306264,1.0,0.99379706
0.10440835266821345,1.0,0.9938011
0.10208816705336426,1.0,0.99397427
0.09976798143851508,1.0,0.9940406
0.09744779582366589,1.0,0.99417716
0.0951276102088167,1.0,0.9942561
0.09280742459396751,1.0,0.99434566
0.09048723897911833,1.0,0.99440587
0.08816705336426914,1.0,0.9944546
0.08584686774941995,1.0,0.9944899
0.08352668213457076,1.0,0.994592
0.08120649651972157,1.0,0.9946135
0.07888631090487239,1.0,0.99474174
0.0765661252900232,1.0,0.9948656
0.07424593967517401,1.0,0.9949184
0.07192575406032482,1.0,0.9949339
0.06960556844547564,1.0,0.9949995
0.06728538283062645,1.0,0.99520206
0.06496519721577726,1.0,0.9953868
0.06264501160092807,1.0,0.99551564
0.060324825986078884,1.0,0.9955217
0.058004640371229696,1.0,0.9955731
0.05568445475638051,1.0,0.9957824
0.05336426914153132,1.0,0.9958615
0.05104408352668213,1.0,0.99587363
0.048723897911832945,1.0,0.99598384
0.04640371229698376,1.0,0.996038
0.04408352668213457,1.0,0.9964108
0.04176334106728538,1.0,0.9965576
0.03944315545243619,1.0,0.99665743
0.037122969837587005,1.0,0.9967348
0.03480278422273782,1.0,0.9970164
0.03248259860788863,1.0,0.9971742
0.030162412993039442,1.0,0.99738294
0.027842227378190254,1.0,0.9977057
0.025522041763341066,1.0,0.99772686
0.02320185614849188,1.0,0.9979106
0.02088167053364269,1.0,0.9979224
0.018561484918793503,1.0,0.9983192
0.016241299303944315,1.0,0.9988728
0.013921113689095127,1.0,0.9989746
0.01160092807424594,1.0,0.99925035
0.009280742459396751,1.0,0.99931854
0.0069605568445475635,1.0,0.9993268
0.004640371229698376,1.0,0.99976814
0.002320185614849188,1.0,0.99986684
0.0,1.0,
