fpr,tpr,threshold
0.0,0.0,inf
0.0,0.002320185614849188,0.99986684
0.0,0.15777262180974477,0.9916382
0.0047169811320754715,0.15777262180974477,0.9910517
0.0047169811320754715,0.3805104408352668,0.97470903
0.009433962264150943,0.3805104408352668,0.9745575
0.009433962264150943,0.6310904872389791,0.9093131
0.014150943396226415,0.6310904872389791,0.9078726
0.014150943396226415,0.7679814385150812,0.77614427
0.018867924528301886,0.7679814385150812,0.77094567
0.018867924528301886,0.8074245939675174,0.717901
0.02358490566037736,0.8074245939675174,0.71431893
0.02358490566037736,0.8445475638051044,0.64835215
0.02830188679245283,0.8445475638051044,0.6483231
0.02830188679245283,0.8468677494199536,0.64590144
0.0330188679245283,0.8468677494199536,0.6441254
0.0330188679245283,0.851508120649652,0.6428552
0.03773584905660377,0.851508120649652,0.6392685
0.03773584905660377,0.8654292343387471,0.618563
0.04245283018867924,0.8654292343387471,0.6150712
0.04245283018867924,0.8723897911832946,0.60486245
0.05188679245283019,0.8723897911832946,0.59477556
0.05188679245283019,0.888631090487239,0.56471753
0.05660377358490566,0.888631090487239,0.5635226
0.05660377358490566,0.8932714617169374,0.54142976
0.06132075471698113,0.8932714617169374,0.5283703
0.06132075471698113,0.9002320185614849,0.52072847
0.0660377358490566,0.9002320185614849,0.51375675
0.0660377358490566,0.9071925754060325,0.5019343
0.07075471698113207,0.9071925754060325,0.49761364
0.07075471698113207,0.9095127610208816,0.4944426
0.08018867924528301,0.9095127610208816,0.46663165
0.08018867924528301,0.9118329466357309,0.46096727
0.08490566037735849,0.9118329466357309,0.4587619
0.08490566037735849,0.91415313225058,0.4451813
0.08962264150943396,0.91415313225058,0.4431523
0.08962264150943396,0.9187935034802784,0.42732838
0.09433962264150944,0.9187935034802784,0.42143825
0.09433962264150944,0.9211136890951276,0.41914254
0.10377358490566038,0.9211136890951276,0.41168126
0.10377358490566038,0.9350348027842227,0.38445395
0.11320754716981132,0.9350348027842227,0.37445265
0.11320754716981132,0.9489559164733179,0.35847905
0.1179245283018868,0.9489559164733179,0.3583283
0.1179245283018868,0.9535962877030162,0.3527508
0.1509433962264151,0.9535962877030162,0.33514392
0.1509433962264151,0.9582366589327146,0.332293
0.15566037735849056,0.9582366589327146,0.3321367
0.15566037735849056,0.962877030162413,0.32514206
0.16037735849056603,0.962877030162413,0.32176727
0.16037735849056603,0.9698375870069605,0.31343427
0.16981132075471697,0.9698375870069605,0.31158528
0.16981132075471697,0.974477958236659,0.30704147
0.17452830188679244,0.974477958236659,0.30463612
0.17452830188679244,0.9767981438515081,0.3035726
0.18867924528301888,0.9767981438515081,0.29942343
0.18867924528301888,0.9837587006960556,0.2930991
0.2028301886792453,0.9837587006960556,0.2795174
0.2028301886792453,0.9860788863109049,0.2751623
0.2358490566037736,0.9860788863109049,0.25877687
0.2358490566037736,0.988399071925754,0.25665677
0.24528301886792453,0.988399071925754,0.2557179
0.24528301886792453,0.9907192575406032,0.25507572
0.25943396226415094,0.9907192575406032,0.25114873
1.0,1.0,0.2502786
