sample,true_angle,distance_m,detected_angle,error
1,0,0.3,4,4
2,0,0.3,2,2
3,0,0.3,0,0
4,0,0.3,356,4
5,0,0.3,356,4
6,0,0.3,359,1
7,0,0.3,0,0
8,0,0.3,3,3
9,0,0.3,353,7
10,0,0.3,3,3
11,0,0.3,3,3
12,0,0.3,0,0
13,0,0.3,359,1
14,0,0.3,359,1
15,0,0.3,358,2
16,0,0.3,358,2
17,0,0.3,357,3
18,0,0.3,359,1
19,0,0.3,0,0
20,0,0.3,358,2
21,0,0.3,357,3
22,0,0.3,357,3
23,0,0.3,356,4
24,0,0.3,1,1
25,0,0.3,0,0
26,0,0.3,358,2
27,0,0.3,356,4
28,0,0.3,6,6
29,0,0.3,355,5
30,0,0.3,8,8
31,0,0.3,1,1
32,0,0.3,3,3
33,0,0.3,8,8
34,0,0.3,354,6
35,0,0.3,359,1
36,0,0.3,357,3
37,0,0.3,2,2
38,0,0.3,2,2
39,0,0.3,357,3
40,0,0.3,356,4
41,0,0.3,1,1
42,0,0.3,357,3
43,0,0.3,1,1
44,0,0.3,0,0
45,0,0.3,8,8
46,0,0.3,3,3
47,0,0.3,3,3
48,0,0.3,2,2
49,0,0.3,357,3
50,0,0.3,357,3
51,0,0.3,358,2
52,0,0.3,359,1
53,0,0.3,358,2
54,0,0.3,11,11
55,0,0.3,357,3
56,0,0.3,357,3
57,0,0.3,9,9
58,0,0.3,1,1
59,0,0.3,0,0
60,0,0.3,358,2
61,0,0.3,1,1
62,0,0.3,358,2
63,0,0.3,6,6
64,0,0.3,6,6
65,0,0.3,358,2
66,0,0.3,0,0
67,0,0.3,1,1
68,0,0.3,358,2
69,0,0.3,14,14
70,0,0.3,355,5
71,0,0.3,359,1
72,0,0.3,357,3
73,0,0.3,356,4
74,0,0.3,358,2
75,0,0.3,357,3
76,0,0.3,356,4
77,0,0.3,357,3
78,0,0.3,0,0
79,0,0.3,1,1
80,0,0.3,2,2
81,0,0.3,359,1
82,0,0.3,359,1
83,0,0.3,0,0
84,0,0.3,1,1
85,0,0.3,6,6
86,0,0.3,6,6
87,0,0.3,5,5
88,0,0.3,2,2
89,0,0.3,1,1
90,0,0.3,2,2
91,0,0.3,358,2
92,0,0.3,359,1
93,0,0.3,358,2
94,0,0.3,0,0
95,0,0.3,2,2
96,0,0.3,1,1
97,0,0.3,1,1
98,0,0.3,1,1
99,0,0.3,359,1
100,0,0.3,0,0
