sample,true_angle_1,true_angle_2,distance_cm,detected_count,raw_angles,detected_angle_1,detected_angle_2,error_1,error_2,mean_error
1,30,180,20.0,1,22,,,,,
2,30,180,20.0,1,22,,,,,
3,30,180,20.0,2,22;179,22,179,8,1,4.50
4,30,180,20.0,2,160;22,22,160,8,20,14.00
5,30,180,20.0,2,22;159,22,159,8,21,14.50
6,30,180,20.0,2,22;160,22,160,8,20,14.00
7,30,180,20.0,2,27;160,27,160,3,20,11.50
8,30,180,20.0,1,27,,,,,
9,30,180,20.0,1,23,,,,,
10,30,180,20.0,1,20,,,,,
11,30,180,20.0,1,20,,,,,
12,30,180,20.0,1,20,,,,,
13,30,180,20.0,1,20,,,,,
14,30,180,20.0,1,28,,,,,
15,30,180,20.0,1,24,,,,,
16,30,180,20.0,2,24;185,24,185,6,5,5.50
17,30,180,20.0,2,24;179,24,179,6,1,3.50
18,30,180,20.0,2,24;182,24,182,6,2,4.00
19,30,180,20.0,2,179;24,24,179,6,1,3.50
20,30,180,20.0,2,179;24,24,179,6,1,3.50
21,30,180,20.0,2,182;24,24,182,6,2,4.00
22,30,180,20.0,2,182;24,24,182,6,2,4.00
23,30,180,20.0,2,180;26,26,180,4,0,2.00
24,30,180,20.0,2,28;180,28,180,2,0,1.00
25,30,180,20.0,2,26;180,26,180,4,0,2.00
26,30,180,20.0,2,28;180,28,180,2,0,1.00
27,30,180,20.0,1,25,,,,,
28,30,180,20.0,1,26,,,,,
29,30,180,20.0,1,25,,,,,
30,30,180,20.0,1,25,,,,,
31,30,180,20.0,1,25,,,,,
32,30,180,20.0,1,25,,,,,
33,30,180,20.0,1,25,,,,,
34,30,180,20.0,1,25,,,,,
35,30,180,20.0,1,25,,,,,
36,30,180,20.0,1,24,,,,,
37,30,180,20.0,1,29,,,,,
38,30,180,20.0,1,31,,,,,
39,30,180,20.0,2,24;180,24,180,6,0,3.00
40,30,180,20.0,2,26;183,26,183,4,3,3.50
41,30,180,20.0,2,28;183,28,183,2,3,2.50
42,30,180,20.0,2,30;183,30,183,0,3,1.50
43,30,180,20.0,2,30;183,30,183,0,3,1.50
44,30,180,20.0,2,28;184,28,184,2,4,3.00
45,30,180,20.0,2,25;172,25,172,5,8,6.50
46,30,180,20.0,1,25,,,,,
47,30,180,20.0,1,25,,,,,
48,30,180,20.0,1,23,,,,,
49,30,180,20.0,1,23,,,,,
50,30,180,20.0,1,33,,,,,
51,30,180,20.0,1,33,,,,,
52,30,180,20.0,1,33,,,,,
53,30,180,20.0,1,33,,,,,
54,30,180,20.0,1,31,,,,,
55,30,180,20.0,1,32,,,,,
56,30,180,20.0,1,32,,,,,
57,30,180,20.0,1,32,,,,,
58,30,180,20.0,1,32,,,,,
59,30,180,20.0,0,,,,,,
60,30,180,20.0,0,,,,,,
61,30,180,20.0,0,,,,,,
62,30,180,20.0,1,32,,,,,
63,30,180,20.0,1,26,,,,,
64,30,180,20.0,1,23,,,,,
65,30,180,20.0,1,25,,,,,
66,30,180,20.0,1,24,,,,,
67,30,180,20.0,1,24,,,,,
68,30,180,20.0,1,24,,,,,
69,30,180,20.0,1,24,,,,,
70,30,180,20.0,1,23,,,,,
71,30,180,20.0,2,23;169,23,169,7,11,9.00
72,30,180,20.0,2,24;169,24,169,6,11,8.50
73,30,180,20.0,2,178;25,25,178,5,2,3.50
74,30,180,20.0,2,181;25,25,181,5,1,3.00
75,30,180,20.0,2,181;25,25,181,5,1,3.00
76,30,180,20.0,2,181;25,25,181,5,1,3.00
77,30,180,20.0,2,181;25,25,181,5,1,3.00
78,30,180,20.0,2,181;24,24,181,6,1,3.50
79,30,180,20.0,2,24;181,24,181,6,1,3.50
80,30,180,20.0,2,24;181,24,181,6,1,3.50
81,30,180,20.0,2,24;181,24,181,6,1,3.50
82,30,180,20.0,2,181;24,24,181,6,1,3.50
83,30,180,20.0,2,181;24,24,181,6,1,3.50
84,30,180,20.0,1,25,,,,,
85,30,180,20.0,1,25,,,,,
86,30,180,20.0,2,25;170,25,170,5,10,7.50
87,30,180,20.0,2,24;170,24,170,6,10,8.00
88,30,180,20.0,1,25,,,,,
89,30,180,20.0,1,29,,,,,
90,30,180,20.0,2,25;175,25,175,5,5,5.00
91,30,180,20.0,2,25;175,25,175,5,5,5.00
92,30,180,20.0,2,25;170,25,170,5,10,7.50
93,30,180,20.0,2,30;175,30,175,0,5,2.50
94,30,180,20.0,2,29;185,29,185,1,5,3.00
95,30,180,20.0,2,31;182,31,182,1,2,1.50
96,30,180,20.0,2,31;183,31,183,1,3,2.00
97,30,180,20.0,1,31,,,,,
98,30,180,20.0,1,27,,,,,
99,30,180,20.0,1,25,,,,,
100,30,180,20.0,1,23,,,,,
